{"pr_auc_glass_original": 0.8503207543906023, "recall_glass_original": 0.7881640887693342, "f1_glass_original": 0.7913571910871033, "recall_macro_glass_original": 0.8927920459173385, "pr_auc_r_original": 0.8955909032766755, "recall_r_original": 0.8264963012777404, "f1_r_original": 0.8270524899057875, "recall_macro_r_original": 0.9121582509437015, "pr_auc_svm_original": NaN, "recall_svm_original": NaN, "f1_svm_original": NaN, "recall_macro_svm_original": NaN, "pr_auc_xgb_original": 0.9191111317980457, "recall_xgb_original": 0.843981170141224, "f1_xgb_original": 0.8434139784946237, "recall_macro_xgb_original": 0.9209943486304969, "pr_auc_glass_original_frac": 0.7718831336839471, "recall_glass_original_frac": 0.7444519166106254, "f1_glass_original_frac": 0.7454545454545456, "recall_macro_glass_original_frac": 0.8706251681280337, "pr_auc_r_original_frac": 0.8230604254702848, "recall_r_original_frac": 0.7821116341627438, "f1_r_original_frac": 0.7807989258140315, "recall_macro_r_original_frac": 0.8896551256762528, "pr_auc_svm_original_frac": 0.5270709474022623, "recall_svm_original_frac": 0.11634162743779422, "f1_svm_original_frac": 0.19647927314026123, "recall_macro_svm_original_frac": 0.5577408142297876, "pr_auc_xgb_original_frac": 0.8717222589742496, "recall_xgb_original_frac": 0.7861466039004708, "f1_xgb_original_frac": 0.7858823529411765, "recall_macro_xgb_original_frac": 0.8917151847519588, "pr_auc_glass_original_c": 0.8757363822039798, "recall_glass_original_c": 0.7921990585070612, "f1_glass_original_c": 0.7921990585070612, "recall_macro_glass_original_c": 0.8947839862620965, "pr_auc_r_original_c": 0.8776344039378914, "recall_r_original_c": 0.7962340282447882, "f1_r_original_c": 0.7954316425932145, "recall_macro_r_original_c": 0.8968142433930129, "pr_auc_svm_original_c": 0.8398146321541696, "recall_svm_original_c": 0.8076664425016813, "f1_svm_original_c": 0.810391363022942, "recall_macro_svm_original_c": 0.9026581731419869, "pr_auc_xgb_original_c": 0.8741805724418057, "recall_xgb_original_c": 0.8103564223268326, "f1_xgb_original_c": 0.809539805172993, "recall_macro_xgb_original_c": 0.9039648462684042, "pr_auc_r_nogroup": 0.7178074646279751, "recall_r_nogroup": 0.6805648957632818, "f1_r_nogroup": 0.6842461122379987, "pr_auc_glass_nogroup": 0.717908785591188, "recall_glass_nogroup": 0.6812373907195696, "f1_glass_nogroup": 0.6833052276559866, "recall_macro_glass_nogroup": 0.8386389947416073, "recall_macro_r_nogroup": 0.838328291787569, "pr_auc_svm_nogroup": 0.7126059857683327, "recall_svm_nogroup": 0.6711499663752521, "f1_svm_nogroup": 0.6812286689419795, "recall_macro_svm_nogroup": 0.8336804309831336, "pr_auc_xgb_nogroup": 0.7285126628149565, "recall_xgb_nogroup": 0.6805648957632818, "f1_xgb_nogroup": 0.6789667896678968, "recall_macro_xgb_nogroup": 0.8382303711118311, "pr_auc_glass_amount": 0.7560511353451778, "recall_glass_amount": 0.7296570275722932, "f1_glass_amount": 0.7303938067990576, "recall_macro_glass_amount": 0.8631298029331298, "pr_auc_r_amount": 0.7960534909329869, "recall_r_amount": 0.7585743106926698, "f1_r_amount": 0.75730110775428, "recall_macro_r_amount": 0.8777374542172669, "pr_auc_svm_amount": 0.7996996932391469, "recall_svm_amount": 0.7619367854741089, "f1_svm_amount": 0.7862595419847328, "recall_macro_svm_amount": 0.8798529485177803, "pr_auc_xgb_amount": 0.8506320866397049, "recall_xgb_amount": 0.7807666442501682, "f1_xgb_amount": 0.7810292633703331, "recall_macro_xgb_amount": 0.888999660402702, "pr_auc_glass_coef": 0.8909708661113822, "recall_glass_coef": 0.8258238063214526, "f1_glass_coef": 0.8258238063214526, "recall_macro_glass_coef": 0.9118092312035049, "pr_auc_r_coef": 0.8928035374681783, "recall_r_coef": 0.8264963012777404, "f1_r_coef": 0.8251090970124203, "recall_macro_r_coef": 0.9121284489989118, "pr_auc_svm_coef": 0.8620774757028008, "recall_svm_coef": 0.8466711499663753, "f1_svm_coef": 0.8466711499663753, "recall_macro_svm_coef": 0.922364883067178, "pr_auc_xgb_coef": 0.9174383885669811, "recall_xgb_coef": 0.8419636852723604, "f1_xgb_coef": 0.8422468886646484, "recall_macro_xgb_coef": 0.9199856061960652, "pr_auc_glass_reduced": 0.893838863569547, "recall_glass_reduced": 0.8291862811028917, "f1_glass_reduced": 0.8291862811028917, "recall_macro_glass_reduced": 0.9135117556976458, "pr_auc_r_reduced": 0.8949754656119147, "recall_r_reduced": 0.8258238063214526, "f1_r_reduced": 0.8269360269360269, "recall_macro_r_reduced": 0.9118262608862419, "pr_auc_svm_reduced": 0.8803610216791331, "recall_svm_reduced": 0.8688634835238735, "f1_svm_reduced": 0.8587570621468926, "recall_macro_svm_reduced": 0.9334525350045586, "pr_auc_xgb_reduced": 0.9429066433932312, "recall_xgb_reduced": 0.8708809683927371, "f1_xgb_reduced": 0.8711738984191052, "recall_macro_xgb_reduced": 0.9346273168456762, "pr_auc_glass_reduced_frac": 0.8910717058045725, "recall_glass_reduced_frac": 0.8271687962340283, "f1_glass_reduced_frac": 0.8293998651382333, "recall_macro_glass_reduced_frac": 0.9125243003666352, "pr_auc_r_reduced_frac": 0.8912892326347227, "recall_r_reduced_frac": 0.8231338264963013, "f1_r_reduced_frac": 0.8242424242424242, "recall_macro_r_reduced_frac": 0.9104642412909292, "pr_auc_svm_reduced_frac": 0.8258792753615459, "recall_svm_reduced_frac": 0.8137188971082717, "f1_svm_reduced_frac": 0.8262205530897918, "recall_macro_svm_reduced_frac": 0.9058717269553893, "pr_auc_xgb_reduced_frac": 0.9220960799370144, "recall_xgb_reduced_frac": 0.8459986550100874, "f1_xgb_reduced_frac": 0.8468529114776171, "recall_macro_xgb_reduced_frac": 0.9220371504304026, "pr_auc_glass_reduced_pb": 0.8938433020785697, "recall_glass_reduced_pb": 0.8312037659717552, "f1_glass_reduced_pb": 0.8317631224764468, "recall_macro_glass_reduced_pb": 0.9145417852354987, "pr_auc_r_reduced_pb": 0.8939150062941754, "recall_r_reduced_pb": 0.831876260928043, "f1_r_reduced_pb": 0.8327162571524739, "recall_macro_r_reduced_pb": 0.9148865475550111, "pr_auc_svm_reduced_pb": 0.8940850872807657, "recall_svm_reduced_pb": 0.8473436449226631, "f1_svm_reduced_pb": 0.847913862718708, "recall_macro_svm_reduced_pb": 0.9227139028073748, "pr_auc_xgb_reduced_pb": 0.9406094694294754, "recall_xgb_reduced_pb": 0.8661735036987223, "f1_xgb_reduced_pb": 0.8664648503195426, "recall_macro_xgb_reduced_pb": 0.9322437825538792, "pr_auc_glass_balanced": 0.8606520280648299, "recall_glass_balanced": 0.9993275050437121, "f1_glass_balanced": 0.24448831852583086, "recall_macro_glass_balanced": 0.9605678583783639, "pr_auc_r_balanced": 0.8405756145132418, "recall_r_balanced": 0.9993275050437121, "f1_r_balanced": 0.2522706052117817, "recall_macro_r_balanced": 0.9621643911349587, "pr_auc_svm_balanced": 0.14803384768541564, "recall_svm_balanced": 1.0, "f1_svm_balanced": 0.24131775397598182, "recall_macro_svm_balanced": 0.9601931166022377, "pr_auc_xgb_balanced": 0.9091279968520455, "recall_xgb_balanced": 0.8285137861466039, "f1_xgb_balanced": 0.8243559718969554, "recall_macro_xgb_balanced": 0.9131073894885537}